Name,NumWords,FirstName,MiddleName,LastName
Eupraxia Mole,2,Eupraxia,,Mole
Mirabella Plunkett,2,Mirabella,,Plunkett
Artemisia Lufkin,2,Artemisia,,Lufkin
Niko Nenad,2,Niko,,Nenad
Musidora Barkwith,2,Musidora,,Barkwith
Karl Wang,2,Karl,,Wang
Iolanthe Peverell,2,Iolanthe,,Peverell
Dragomir Gorgovitch,2,Dragomir,,Gorgovitch
Eugenia Jenkins,2,Eugenia,,Jenkins
Charity Burbage,2,Charity,,Burbage
Randolph Pauncefoot,2,Randolph,,Pauncefoot
Teri Hudson,2,Teri,,Hudson
Elveira Elkins,2,Elveira,,Elkins
Mrs. Finnigan,2,Mrs.,,Finnigan
Kingsley Shacklebolt,2,Kingsley,,Shacklebolt
Agatha Timms,2,Agatha,,Timms
Thaddeus Thurkell,2,Thaddeus,,Thurkell
Mikhail Gorbachev,2,Mikhail,,Gorbachev
Abraham Potter,2,Abraham,,Potter
Andrew Kirke,2,Andrew,,Kirke
Cormac McLaggen,2,Cormac,,McLaggen
Dalai Lama,2,Dalai,,Lama
Hestia Jones,2,Hestia,,Jones
Christiano Ronaldo,2,Christiano,,Ronaldo
Felix Summerbee,2,Felix,,Summerbee
Jean-Baptiste Bloncourt,2,Jean-Baptiste,,Bloncourt
Dunbar Oglethorpe,2,Dunbar,,Oglethorpe
Otto Bagman,2,Otto,,Bagman
Winston Churchill,2,Winston,,Churchill
Katie Bell,2,Katie,,Bell
Garrick Ollivander,2,Garrick,,Ollivander
Sacha Baron Cohen,3,Sacha,Baron,Cohen
Alicia Spinnet,2,Alicia,,Spinnet
Leonard Spencer-Moon,2,Leonard,,Spencer-Moon
Rolf Scamander,2,Rolf,,Scamander
Severus Snape,2,Severus,,Snape
Mad-Eye Moody,2,Mad-Eye,,Moody
Pam Beesly,2,Pam,,Beesly
Madam Marsh,2,Madam,,Marsh
Gladys Boothby,2,Gladys,,Boothby
Nicolas Flamel,2,Nicolas,,Flamel
Tarquin McTavish,2,Tarquin,,McTavish
Crispin Cronk,2,Crispin,,Cronk
Ignotus Peverell,2,Ignotus,,Peverell
Helga Hufflepuff,2,Helga,,Hufflepuff
Mundungus Fletcher,2,Mundungus,,Fletcher
Norvel Twonk,2,Norvel,,Twonk
Josh Porter,2,Josh,,Porter
Agatha Chubb,2,Agatha,,Chubb
Samuel Equiano,2,Samuel,,Equiano
Pius Thicknesse,2,Pius,,Thicknesse
Hector Dagworth-Granger,2,Hector,,Dagworth-Granger
Marcus Flint,2,Marcus,,Flint
Darius Smackhammer,2,Darius,,Smackhammer
Cornelius Agrippa,2,Cornelius,,Agrippa
Laurena Kama,2,Laurena,,Kama
Edgar Stroulger,2,Edgar,,Stroulger
Catullus Spangle,2,Catullus,,Spangle
Peter Sellers,2,Peter,,Sellers
Coco Chanel,2,Coco,,Chanel
Elladora Guffy,2,Elladora,,Guffy
Cornelius Fudge,2,Cornelius,,Fudge
Rafael Santos,2,Rafael,,Santos
Michael Jackson,2,Michael,,Jackson
Darren O'Hare,2,Darren,,O'Hare
Steve Jobs,2,Steve,,Jobs
Desmond Tutu,2,Desmond,,Tutu
Bertram Aubrey,2,Bertram,,Aubrey
Luc Millefeuille,2,Luc,,Millefeuille
Sylvian Jolicoeur,2,Sylvian,,Jolicoeur
Damocles Rowle,2,Damocles,,Rowle
Abel Treetops,2,Abel,,Treetops
Cormack McLeod,2,Cormack,,McLeod
Carlos Lopez,2,Carlos,,Lopez
Fidel Castro,2,Fidel,,Castro
Angus McMangus,2,Angus,,McMangus
Myron Otherhaus,2,Myron,,Otherhaus
Glover Hipworth,2,Glover,,Hipworth
Deangelo Vickers,2,Deangelo,,Vickers
Aidan Lynch,2,Aidan,,Lynch
Creed Bratton,2,Creed,,Bratton
Silvanus Kettleburn,2,Silvanus,,Kettleburn
Hector Fawley,2,Hector,,Fawley
Ortiz O'Flaherty,2,Ortiz,,O'Flaherty
Ferdinand Jägendorf,2,Ferdinand,,Jägendorf
Sally-Anne Perks,2,Sally-Anne,,Perks
Al Gore,2,Al,,Gore
Bathilda Bagshot,2,Bathilda,,Bagshot
Bowman Wright,2,Bowman,,Wright
Queenie Goldstein,2,Queenie,,Goldstein
Herman Junker,2,Herman,,Junker
Pope Francis,2,Pope,,Francis
Tiberius Ogden,2,Tiberius,,Ogden
Kquewanda Bailey,2,Kquewanda,,Bailey
Mercy Wardwell,2,Mercy,,Wardwell
Auntie Muriel,2,Auntie,,Muriel
Dedalus Diggle,2,Dedalus,,Diggle
Burdock Muldoon,2,Burdock,,Muldoon
Daisy Pennifold,2,Daisy,,Pennifold
Irving Warble,2,Irving,,Warble
Barry Ryan,2,Barry,,Ryan
Lionel Messi,2,Lionel,,Messi
Fabian Prewett,2,Fabian,,Prewett
Archibald Alderton,2,Archibald,,Alderton
Zamira Gulch,2,Zamira,,Gulch
Zacharias Smith,2,Zacharias,,Smith
Wilkie Twycross,2,Wilkie,,Twycross
Belvina Black,2,Belvina,,Black
Elfrida Cragg,2,Elfrida,,Cragg
Sturgis Podmore,2,Sturgis,,Podmore
Basil Horton,2,Basil,,Horton
Ignatius Prewett,2,Ignatius,,Prewett
Griselda Marchbanks,2,Griselda,,Marchbanks
Ivan Popa,2,Ivan,,Popa
Aung San Suu Kyi,4,Aung,San Suu,Kyi
Emily Rappaport,2,Emily,,Rappaport
Iola Black,2,Iola,,Black
Aurora Sinistra,2,Aurora,,Sinistra
Rabastan Lestrange,2,Rabastan,,Lestrange
Elodie Dembélé,2,Elodie,,Dembélé
Gideon Crumb,2,Gideon,,Crumb
Kelly Kapoor,2,Kelly,,Kapoor
Rudolf Brand,2,Rudolf,,Brand
Sudanese Obscurial,2,Sudanese,,Obscurial
Andromeda Tonks,2,Andromeda,,Tonks
Glenda Chittock,2,Glenda,,Chittock
Molly Weasley,2,Molly,,Weasley
Davey Gudgeon,2,Davey,,Gudgeon
Luciano Volpi,2,Luciano,,Volpi
Daphne Greengrass,2,Daphne,,Greengrass
Xenophilius Lovegood,2,Xenophilius,,Lovegood
Theophilus Abbott,2,Theophilus,,Abbott
Penelope Clearwater,2,Penelope,,Clearwater
Kirley Duke,2,Kirley,,Duke
Ernest Hemingway,2,Ernest,,Hemingway
Heliotrope Willis,2,Heliotrope,,Willis
Achilles Tolliver,2,Achilles,,Tolliver
Stephen King,2,Stephen,,King
Argus Pyrites,2,Argus,,Pyrites
Ottaline Gambol,2,Ottaline,,Gambol
Thomas Edison,2,Thomas,,Edison
Roger Federer,2,Roger,,Federer
Oprah Winfrey,2,Oprah,,Winfrey
Georgios Xenakis,2,Georgios,,Xenakis
Donaghan Tremlett,2,Donaghan,,Tremlett
Billy Merchant,2,Billy,,Merchant
Queen Maeve,2,Queen,,Maeve
Lilith Molesby,2,Lilith,,Molesby
Christopher Columbus,2,Christopher,,Columbus
Wladyslaw Wolfke,2,Wladyslaw,,Wolfke
José Barboza,2,José,,Barboza
Sigmund Freud,2,Sigmund,,Freud
Hannah Smotridge-Barr,2,Hannah,,Smotridge-Barr
Queen Victoria,2,Queen,,Victoria
Arthur Weasley,2,Arthur,,Weasley
Seamus Finnigan,2,Seamus,,Finnigan
Grugwyn Rufford,2,Grugwyn,,Rufford
Billie Jean King,3,Billie,Jean,King
Zygmunt Budge,2,Zygmunt,,Budge
Tilden Toots,2,Tilden,,Toots
Montague Knightly,2,Montague,,Knightly
Violetta Hobday,2,Violetta,,Hobday
Dagbert Pips,2,Dagbert,,Pips
Michael Jordon,2,Michael,,Jordon
Toby Flenderson,2,Toby,,Flenderson
Hesper Gamp,2,Hesper,,Gamp
Cathy Simms,2,Cathy,,Simms
Emile Zatopek,2,Emile,,Zatopek
Bob Geldof,2,Bob,,Geldof
Leopoldina Smethwyk,2,Leopoldina,,Smethwyk
Elphinstone Urquart,2,Elphinstone,,Urquart
Godric Gryffindor,2,Godric,,Gryffindor
Helixa Hyslop,2,Helixa,,Hyslop
Mr. Jordan,2,Mr.,,Jordan
Albus Dumbledore,2,Albus,,Dumbledore
Orsino Thruston,2,Orsino,,Thruston
Jacqueline Kennedy Onassis,3,Jacqueline,Kennedy,Onassis
Roger Malone,2,Roger,,Malone
Viktor Krum,2,Viktor,,Krum
Diadema (Goshawk?),2,Diadema,,(Goshawk?)
Lenelle Paraison,2,Lenelle,,Paraison
Ryuichi Yamaguchi,2,Ryuichi,,Yamaguchi
Grace Kelly,2,Grace,,Kelly
Magenta Comstock,2,Magenta,,Comstock
Barnabas Cuffe,2,Barnabas,,Cuffe
Rufus Fudge,2,Rufus,,Fudge
Marie Antoinette,2,Marie,,Antoinette
Hesper Starkey,2,Hesper,,Starkey
Gwenog Jones,2,Gwenog,,Jones
Augustus Rookwood,2,Augustus,,Rookwood
Malcolm X,2,Malcolm,,X
Mafalda Hopkirk,2,Mafalda,,Hopkirk
Alphard Black,2,Alphard,,Black
Tim Berners Lee,3,Tim,Berners,Lee
Galatea Merrythought,2,Galatea,,Merrythought
Paul Krugman,2,Paul,,Krugman
Neil Armstrong,2,Neil,,Armstrong
Aberforth Dumbledore,2,Aberforth,,Dumbledore
Alberta Toothill,2,Alberta,,Toothill
Carl Lewis,2,Carl,,Lewis
Bob Ogden,2,Bob,,Ogden
Aristotle Twelvetrees,2,Aristotle,,Twelvetrees
Lech Walesa,2,Lech,,Walesa
Ragmar Dorkins,2,Ragmar,,Dorkins
Cantankerus Nott,2,Cantankerus,,Nott
Elvis Presley,2,Elvis,,Presley
Wilhelmina Grubbly-Plank,2,Wilhelmina,,Grubbly-Plank
Brutus Scrimgeour,2,Brutus,,Scrimgeour
Inigo Imago,2,Inigo,,Imago
Honoria Nutcombe,2,Honoria,,Nutcombe
Charles de Gaulle,3,Charles,de,Gaulle
Grizel Hurtz,2,Grizel,,Hurtz
John M Keynes,3,John,M,Keynes
Adrian Tutley,2,Adrian,,Tutley
Simon Bolivar,2,Simon,,Bolivar
Louis Pasteur,2,Louis,,Pasteur
Mungo Bonham,2,Mungo,,Bonham
Eulalie Hicks,2,Eulalie,,Hicks
Josef Wronski,2,Josef,,Wronski
Jim Halpert,2,Jim,,Halpert
Barack Obama,2,Barack,,Obama
Rita Skeeter,2,Rita,,Skeeter
Antonin Dolohov,2,Antonin,,Dolohov
Brutus Malfoy,2,Brutus,,Malfoy
Dolores Umbridge,2,Dolores,,Umbridge
Eddie Carmichael,2,Eddie,,Carmichael
Thorfinn Rowle,2,Thorfinn,,Rowle
Morfin Gaunt,2,Morfin,,Gaunt
Neville Longbottom,2,Neville,,Longbottom
Michael Scott,2,Michael,,Scott
Hector Lamont,2,Hector,,Lamont
Panju Weasley,2,Panju,,Weasley
Mr. Belby,2,Mr.,,Belby
Shikoba Wolfe,2,Shikoba,,Wolfe
J.R.R. Tolkien,2,J.R.R.,,Tolkien
Cecelia Halpert,2,Cecelia,,Halpert
Hedley Fleetwood,2,Hedley,,Fleetwood
Joscelind Wadcock,2,Joscelind,,Wadcock
Amos Diggory,2,Amos,,Diggory
Ladislaw Zamojski,2,Ladislaw,,Zamojski
Hassan Mostafa,2,Hassan,,Mostafa
Dorcas Meadowes,2,Dorcas,,Meadowes
C.S. Lewis,2,C.S.,,Lewis
Mrs. Prod,2,Mrs.,,Prod
Noriko Sato,2,Noriko,,Sato
Miles Bletchley,2,Miles,,Bletchley
Dougal McBride,2,Dougal,,McBride
Irma Pince,2,Irma,,Pince
Mrs. Abbott,2,Mrs.,,Abbott
Laurentia Fletwock,2,Laurentia,,Fletwock
Jocunda Sykes,2,Jocunda,,Sykes
Corban Yaxley,2,Corban,,Yaxley
Harold Skively,2,Harold,,Skively
Eldritch Diggory,2,Eldritch,,Diggory
Raul Almeida,2,Raul,,Almeida
Billie Holiday,2,Billie,,Holiday
Philbert Deverill,2,Philbert,,Deverill
Demelza Robins,2,Demelza,,Robins
Quentin Trimble,2,Quentin,,Trimble
Araminta Meliflua,2,Araminta,,Meliflua
Glanmore Peakes,2,Glanmore,,Peakes
Regulus Moonshine,2,Regulus,,Moonshine
Oscar Martinez,2,Oscar,,Martinez
Katherine Hepburn,2,Katherine,,Hepburn
Alejandra Alonso,2,Alejandra,,Alonso
Fleur Delacour,2,Fleur,,Delacour
Olive Hornby,2,Olive,,Hornby
Lord Baden Powell,3,Lord,Baden,Powell
Terry Boot,2,Terry,,Boot
Melinda Bobbin,2,Melinda,,Bobbin
Phyllida Spore,2,Phyllida,,Spore
Blaise Zabini,2,Blaise,,Zabini
Dennis Moon,2,Dennis,,Moon
Lyall Lupin,2,Lyall,,Lupin
Igor Karkaroff,2,Igor,,Karkaroff
Cadmus Peverell,2,Cadmus,,Peverell
Regulus Black,2,Regulus,,Black
Leta Lestrange,2,Leta,,Lestrange
Gregory Cotton,2,Gregory,,Cotton
Erica Stainwright,2,Erica,,Stainwright
Gaspard Shingleton,2,Gaspard,,Shingleton
Bathsheda Babbling,2,Bathsheda,,Babbling
Jacques Miskine,2,Jacques,,Miskine
Gondoline Oliphant,2,Gondoline,,Oliphant
Caradoc Dearborn,2,Caradoc,,Dearborn
Lorcan Scamander,2,Lorcan,,Scamander
Arsenius Jigger,2,Arsenius,,Jigger
Haile Selassie,2,Haile,,Selassie
Brad Pitt,2,Brad,,Pitt
Elfrida Clagg,2,Elfrida,,Clagg
Bob Vance,2,Bob,,Vance
Gulliver Pokeby,2,Gulliver,,Pokeby
Polly Chapman,2,Polly,,Chapman
Ambrosius Flume,2,Ambrosius,,Flume
Arkie Alderton,2,Arkie,,Alderton
Helmut Weiss,2,Helmut,,Weiss
Charlie Weasley,2,Charlie,,Weasley
Carlotta Pinkstone,2,Carlotta,,Pinkstone
Over-Attentive Wizard,2,Over-Attentive,,Wizard
Lars Lundekvam,2,Lars,,Lundekvam
Louis Weasley,2,Louis,,Weasley
Glynnis Griffiths,2,Glynnis,,Griffiths
Melania Macmillan,2,Melania,,Macmillan
Audrey Hepburn,2,Audrey,,Hepburn
Darren Floyd,2,Darren,,Floyd
Tilly Toke,2,Tilly,,Toke
Stebbins (Auror),2,Stebbins,,(Auror)
Gormlaith Gaunt,2,Gormlaith,,Gaunt
Archer Evermonde,2,Archer,,Evermonde
Cho Chang,2,Cho,,Chang
Gervaise Ollivander,2,Gervaise,,Ollivander
Able Spudmore,2,Able,,Spudmore
Josephina Flint,2,Josephina,,Flint
Boris Vulchanov,2,Boris,,Vulchanov
Rowena Ravenclaw,2,Rowena,,Ravenclaw
Howland Coopey,2,Howland,,Coopey
Pansy Parkinson,2,Pansy,,Parkinson
Hugo Granger-Weasley,2,Hugo,,Granger-Weasley
Natalie McDonald,2,Natalie,,McDonald
William Sayre,2,William,,Sayre
Irene Kneedander,2,Irene,,Kneedander
Barberus Bragge,2,Barberus,,Bragge
Cedric Diggory,2,Cedric,,Diggory
Mercy Ojukwu,2,Mercy,,Ojukwu
Merope Gaunt,2,Merope,,Gaunt
Dragomir Despard,2,Dragomir,,Despard
Bill Gates,2,Bill,,Gates
Elliot Smethwyck,2,Elliot,,Smethwyck
Shintaro Shingo,2,Shintaro,,Shingo
Emma Dobbs,2,Emma,,Dobbs
Bonawentura Wójcik,2,Bonawentura,,Wójcik
Fifi LaFolle,2,Fifi,,LaFolle
Ginny Weasley,2,Ginny,,Weasley
Nellie Bertram,2,Nellie,,Bertram
D.J. Prod,2,D.J.,,Prod
Carol Stills,2,Carol,,Stills
Bellatrix Lestrange,2,Bellatrix,,Lestrange
Lavender Brown,2,Lavender,,Brown
Damocles Belby,2,Damocles,,Belby
Nelson Mandela,2,Nelson,,Mandela
Violetta Beauvais,2,Violetta,,Beauvais
Valmai Morgan,2,Valmai,,Morgan
Henry Ford,2,Henry,,Ford
Hidetoshi Hasagawa,2,Hidetoshi,,Hasagawa
Walter Parkin,2,Walter,,Parkin
Wilda Griffiths,2,Wilda,,Griffiths
Daisy Hookum,2,Daisy,,Hookum
Geraint Ollivander,2,Geraint,,Ollivander
Herbert Burke,2,Herbert,,Burke
Salazar Slytherin,2,Salazar,,Slytherin
Ingrid Bergman,2,Ingrid,,Bergman
Basil Flack,2,Basil,,Flack
Percy Weasley,2,Percy,,Weasley
Ludwig Beethoven,2,Ludwig,,Beethoven
Lennox Campbell,2,Lennox,,Campbell
Radolphus Lestrange,2,Radolphus,,Lestrange
Dirk Cresswell,2,Dirk,,Cresswell
Bertie Bott,2,Bertie,,Bott
Pomona Sprout,2,Pomona,,Sprout
Unctuous Osbert,2,Unctuous,,Osbert
Humphrey Belcher,2,Humphrey,,Belcher
Lance Armstrong,2,Lance,,Armstrong
Josefina Calderon,2,Josefina,,Calderon
Mahatma Gandhi,2,Mahatma,,Gandhi
Narinder Singh,2,Narinder,,Singh
Dilys Derwent,2,Dilys,,Derwent
Orabella Nuttley,2,Orabella,,Nuttley
Stoyanka Grozda,2,Stoyanka,,Grozda
Isobel McGonagall,2,Isobel,,McGonagall
Ernie Prang,2,Ernie,,Prang
Kimiko Kurosawa,2,Kimiko,,Kurosawa
Mrs. Crouch,2,Mrs.,,Crouch
Theseus Scamander,2,Theseus,,Scamander
Wool Woman,2,Wool,,Woman
Poppy Pomfrey,2,Poppy,,Pomfrey
George Orwell,2,George,,Orwell
Stanley Hudson,2,Stanley,,Hudson
Vinda Rosier,2,Vinda,,Rosier
Justin Finch-Fletchley,2,Justin,,Finch-Fletchley
Willy Widdershins,2,Willy,,Widdershins
Caspar Crouch,2,Caspar,,Crouch
Euphemia Potter,2,Euphemia,,Potter
Bernie Pillsworth,2,Bernie,,Pillsworth
Tiger Woods,2,Tiger,,Woods
Momolou Wotorson,2,Momolou,,Wotorson
Ursula Flint,2,Ursula,,Flint
Rutherford Poke,2,Rutherford,,Poke
Mother Teresa,2,Mother,,Teresa
Walburga Black,2,Walburga,,Black
Mary Magdalene,2,Mary,,Magdalene
Xavier Rastrick,2,Xavier,,Rastrick
Marcus Belby,2,Marcus,,Belby
Alfred Hitchcock,2,Alfred,,Hitchcock
Martin Luther King,3,Martin,Luther,King
Pablo Picasso,2,Pablo,,Picasso
Leonard Jewkes,2,Leonard,,Jewkes
Caractacus Burke,2,Caractacus,,Burke
J.K. Rowling,2,J.K.,,Rowling
Thorsten Pfeffer,2,Thorsten,,Pfeffer
Hannah Cockleford,2,Hannah,,Cockleford
Adrian Pucey,2,Adrian,,Pucey
Emeric Switch,2,Emeric,,Switch
Pandora Lovegood,2,Pandora,,Lovegood
Indira Gandhi,2,Indira,,Gandhi
Delphini Diggory,2,Delphini,,Diggory
Walden Macnair,2,Walden,,Macnair
Lucy Weasley,2,Lucy,,Weasley
Dugald McPhail,2,Dugald,,McPhail
Petrova Porskoff,2,Petrova,,Porskoff
Gonçalo Flores,2,Gonçalo,,Flores
Rupert Murdoch,2,Rupert,,Murdoch
Elphias Doge,2,Elphias,,Doge
Hepzibah Smith,2,Hepzibah,,Smith
Euan Abercrombie,2,Euan,,Abercrombie
Benazir Bhutto,2,Benazir,,Bhutto
Herman Wintringham,2,Herman,,Wintringham
Otto Obermeier,2,Otto,,Obermeier
Jackie Jernigan,2,Jackie,,Jernigan
Hesphaestus Gore,2,Hesphaestus,,Gore
Quentin Kowalski,2,Quentin,,Kowalski
Justin Spitzer,2,Justin,,Spitzer
Stephen Cornfoot,2,Stephen,,Cornfoot
Daisy Dodderidge,2,Daisy,,Dodderidge
Michael Corner,2,Michael,,Corner
Hilliard Hobday,2,Hilliard,,Hobday
Georgina Smyth,2,Georgina,,Smyth
Willi Wenzel,2,Willi,,Wenzel
Babe Ruth,2,Babe,,Ruth
Seraphina Picquery,2,Seraphina,,Picquery
Marie Curie,2,Marie,,Curie
Rancorous Carpe,2,Rancorous,,Carpe
Goyle Sr.,2,Goyle,,Sr.
Otmar Frick,2,Otmar,,Frick
Harold Dingle,2,Harold,,Dingle
Ernie Macmillan,2,Ernie,,Macmillan
Evangeline Orpington,2,Evangeline,,Orpington
Augustus Pye,2,Augustus,,Pye
Rose Granger-Weasley,2,Rose,,Granger-Weasley
Phineas Fletcher,2,Phineas,,Fletcher
Joseph Snuka,2,Joseph,,Snuka
Eric Munch,2,Eric,,Munch
Mallory Twiddle,2,Mallory,,Twiddle
Torquil Travers,2,Torquil,,Travers
Kevin Malone,2,Kevin,,Malone
Charles Darwin,2,Charles,,Darwin
Luna Lovegood,2,Luna,,Lovegood
Madam Hooch,2,Madam,,Hooch
Charlie Baverstock,2,Charlie,,Baverstock
Richard Branson,2,Richard,,Branson
Barnabus Blenkinsop,2,Barnabus,,Blenkinsop
Bruno Schmidt,2,Bruno,,Schmidt
Anthony Goldstein,2,Anthony,,Goldstein
Royden Poke,2,Royden,,Poke
Ulick Gamp,2,Ulick,,Gamp
George Clooney,2,George,,Clooney
Franziska Faust,2,Franziska,,Faust
Ethelbald Mordaunt,2,Ethelbald,,Mordaunt
Maisie Cattermole,2,Maisie,,Cattermole
Nerida Vulchanova,2,Nerida,,Vulchanova
Dymphna Furmage,2,Dymphna,,Furmage
Horace Slughorn,2,Horace,,Slughorn
Dexter Fortescue,2,Dexter,,Fortescue
Harfang Munter,2,Harfang,,Munter
Joey Jenkins,2,Joey,,Jenkins
Lucius Malfoy,2,Lucius,,Malfoy
Urquhart Rackharrow,2,Urquhart,,Rackharrow
Colin Creevey,2,Colin,,Creevey
Amelia Earhart,2,Amelia,,Earhart
Stephen Hawking,2,Stephen,,Hawking
Angelina Johnson,2,Angelina,,Johnson
Benjy Williams,2,Benjy,,Williams
Elizabeth McGilliguddy,2,Elizabeth,,McGilliguddy
Amycus Carrow,2,Amycus,,Carrow
Jan Levinson,2,Jan,,Levinson
Eldred Worple,2,Eldred,,Worple
Millicent Bagnold,2,Millicent,,Bagnold
Lorcan McLaird,2,Lorcan,,McLaird
Euphemia Rowle,2,Euphemia,,Rowle
Georgi Zdravko,2,Georgi,,Zdravko
Yann Fredericks,2,Yann,,Fredericks
Callidora Black,2,Callidora,,Black
Oscar Wilde,2,Oscar,,Wilde
John F. Kennedy,3,John,F.,Kennedy
Barnaby Snell,2,Barnaby,,Snell
Alasdair Maddock,2,Alasdair,,Maddock
Mustafa Kama,2,Mustafa,,Kama
Dennis Creevey,2,Dennis,,Creevey
Audrey Weasley,2,Audrey,,Weasley
Aliko Okoye,2,Aliko,,Okoye
Kendra Dumbledore,2,Kendra,,Dumbledore
Florence Nightingale,2,Florence,,Nightingale
Grogan Stump,2,Grogan,,Stump
Florean Fortescue,2,Florean,,Fortescue
Ignatius Tuft,2,Ignatius,,Tuft
Bill Weasley,2,Bill,,Weasley
Romilda Vane,2,Romilda,,Vane
Phoebus Penrose,2,Phoebus,,Penrose
Benjy Fenwick,2,Benjy,,Fenwick
Dylan Marwood,2,Dylan,,Marwood
Arnie Peasegood,2,Arnie,,Peasegood
Nymphadora Tonks,2,Nymphadora,,Tonks
Vincent Crabbe,2,Vincent,,Crabbe
Dorcus Twelvetrees,2,Dorcus,,Twelvetrees
Merton Graves,2,Merton,,Graves
Phineas Black,2,Phineas,,Black
Quintius Umfraville,2,Quintius,,Umfraville
Kennilworthy Whisp,2,Kennilworthy,,Whisp
Doris Purkiss,2,Doris,,Purkiss
Erin Hannon,2,Erin,,Hannon
Woodrow Wilson,2,Woodrow,,Wilson
Alastor Gumboil,2,Alastor,,Gumboil
Eldon Elsrickle,2,Eldon,,Elsrickle
Uncle Nobby,2,Uncle,,Nobby
Franklin D. Roosevelt,3,Franklin,D.,Roosevelt
Ariana Dumbledore,2,Ariana,,Dumbledore
Selina Sapworthy,2,Selina,,Sapworthy
Arturo Cephalopos,2,Arturo,,Cephalopos
Augustus Worme,2,Augustus,,Worme
Carlos Clodoaldo,2,Carlos,,Clodoaldo
Ryan Howard,2,Ryan,,Howard
Arnold Guzman,2,Arnold,,Guzman
Ciceron Harkiss,2,Ciceron,,Harkiss
Rodolphus Lestrange,2,Rodolphus,,Lestrange
Roy Anderson,2,Roy,,Anderson
Myrtle Warren,2,Myrtle,,Warren
Karl Jenkins,2,Karl,,Jenkins
James Potter,2,James,,Potter
Dempster Wiggleswade,2,Dempster,,Wiggleswade
Gawain Robards,2,Gawain,,Robards
Johannes Jonker,2,Johannes,,Jonker
Wilhelm Fischer,2,Wilhelm,,Fischer
Darryl Philbin,2,Darryl,,Philbin
Dorcas Wellbeloved,2,Dorcas,,Wellbeloved
Percival Dumbledore,2,Percival,,Dumbledore
Antioch Peverell,2,Antioch,,Peverell
Leo Tolstoy,2,Leo,,Tolstoy
Quintia Qarase,2,Quintia,,Qarase
Heathcote Barbary,2,Heathcote,,Barbary
Idris Oakby,2,Idris,,Oakby
Perenelle Flamel,2,Perenelle,,Flamel
Valentina Vázquez,2,Valentina,,Vázquez
Professor Tofty,2,Professor,,Tofty
Lucas Bargeworthy,2,Lucas,,Bargeworthy
Mao Zedong,2,Mao,,Zedong
Galvin Gudgeon,2,Galvin,,Gudgeon
Distractible Douglas,2,Distractible,,Douglas
Sirius Black,2,Sirius,,Black
Radolphus Pittiman,2,Radolphus,,Pittiman
Charles Miner,2,Charles,,Miner
Stewart Ackerley,2,Stewart,,Ackerley
Eunice Murray,2,Eunice,,Murray
Bruno Bruunhart,2,Bruno,,Bruunhart
Rufus Scrimgeour,2,Rufus,,Scrimgeour
Roman Abramovich,2,Roman,,Abramovich
Guthrie Lochrin,2,Guthrie,,Lochrin
Corvinus Gaunt,2,Corvinus,,Gaunt
Mentor Metaxas,2,Mentor,,Metaxas
Samuel Plunkett,2,Samuel,,Plunkett
Shanice Higgins,2,Shanice,,Higgins
Abraxas Malfoy,2,Abraxas,,Malfoy
Madam Rosmerta,2,Madam,,Rosmerta
Hippocrates Smethwyck,2,Hippocrates,,Smethwyck
Mnemone Radford,2,Mnemone,,Radford
Marilyn Monroe,2,Marilyn,,Monroe
Finbar Quigley,2,Finbar,,Quigley
Bertie Higgs,2,Bertie,,Higgs
Herbert Beery,2,Herbert,,Beery
Yusuf Kama,2,Yusuf,,Kama
Marietta Edgecombe,2,Marietta,,Edgecombe
Albus Potter,2,Albus,,Potter
Torquil MacTavish,2,Torquil,,MacTavish
Glinda Crook,2,Glinda,,Crook
Helbert Spleen,2,Helbert,,Spleen
Cassandra Trelawney,2,Cassandra,,Trelawney
Ron Weasley,2,Ron,,Weasley
Tony Silva,2,Tony,,Silva
Celestina Warbeck,2,Celestina,,Warbeck
Graham Pritchard,2,Graham,,Pritchard
Havelock Sweeting,2,Havelock,,Sweeting
Bertha Jorkins,2,Bertha,,Jorkins
Geoffrey Hooper,2,Geoffrey,,Hooper
Sue Li,2,Sue,,Li
Josiah Plunkett,2,Josiah,,Plunkett
Angus Campbell,2,Angus,,Campbell
Hector Bolobolo,2,Hector,,Bolobolo
Elsie Prod,2,Elsie,,Prod
Mervyn Fenwick,2,Mervyn,,Fenwick
Goodwin Kneen,2,Goodwin,,Kneen
Gideon Prewett,2,Gideon,,Prewett
Hamish MacFarlan,2,Hamish,,MacFarlan
Madam Malkin,2,Madam,,Malkin
Kenneth Towler,2,Kenneth,,Towler
Elizabeth Smudgling,2,Elizabeth,,Smudgling
David Wallace,2,David,,Wallace
Septimus Weasley,2,Septimus,,Weasley
Pollux Black,2,Pollux,,Black
Barnabas Deverill,2,Barnabas,,Deverill
Derwent Shimpling,2,Derwent,,Shimpling
Orion Black,2,Orion,,Black
Minerva McGonagall,2,Minerva,,McGonagall
Nobby Leach,2,Nobby,,Leach
Perpetua Fancourt,2,Perpetua,,Fancourt
Royston Idlewind,2,Royston,,Idlewind
Barnabus Finkley,2,Barnabus,,Finkley
Nugent Potts,2,Nugent,,Potts
Randolph Spudmore,2,Randolph,,Spudmore
Falco Aesalon,2,Falco,,Aesalon
Angelina Jolie,2,Angelina,,Jolie
Prince Charles,2,Prince,,Charles
Able Fleming,2,Able,,Fleming
Usain Bolt,2,Usain,,Bolt
Reginald Cattermole,2,Reginald,,Cattermole
Rionach Sayre,2,Rionach,,Sayre
Wilhelmina Tuft,2,Wilhelmina,,Tuft
Ritchie Coote,2,Ritchie,,Coote
Iefan Rice,2,Iefan,,Rice
Catriona McCormack,2,Catriona,,McCormack
Pope John Paul II,4,Pope,John Paul,II
Broderick Bode,2,Broderick,,Bode
Quirinus Quirrell,2,Quirinus,,Quirrell
Artemius Lawson,2,Artemius,,Lawson
Hannah Abbott,2,Hannah,,Abbott
Timothy Blenkinsop,2,Timothy,,Blenkinsop
Matilda Dukelow,2,Matilda,,Dukelow
Sally Smith,2,Sally,,Smith
Jesse Owens,2,Jesse,,Owens
Kevin Hopwood,2,Kevin,,Hopwood
Ellie Cattermole,2,Ellie,,Cattermole
Rawya Zaghloul,2,Rawya,,Zaghloul
Gellert Grindelwald,2,Gellert,,Grindelwald
Charity Wilkinson,2,Charity,,Wilkinson
Abraham Lincoln,2,Abraham,,Lincoln
Silvio Astolfi,2,Silvio,,Astolfi
Aidan Kiely,2,Aidan,,Kiely
Mrs. Diggory,2,Mrs.,,Diggory
Roland Kegg,2,Roland,,Kegg
Jimmy Wales,2,Jimmy,,Wales
Sybill Trelawney,2,Sybill,,Trelawney
Peter Pettigrew,2,Peter,,Pettigrew
Eurig Cadwallader,2,Eurig,,Cadwallader
Susan Bones,2,Susan,,Bones
Oddvar Spillum,2,Oddvar,,Spillum
Cygnus Black,2,Cygnus,,Black
Phyllis Vance,2,Phyllis,,Vance
Justus Pilliwickle,2,Justus,,Pilliwickle
Percival Graves,2,Percival,,Graves
Teddy Lupin,2,Teddy,,Lupin
Beaumont Marjoribanks,2,Beaumont,,Marjoribanks
Newt Scamander,2,Newt,,Scamander
Clairvius Hyppolite,2,Clairvius,,Hyppolite
John Lennon,2,John,,Lennon
Armand Malfoy,2,Armand,,Malfoy
Joshua Sankara,2,Joshua,,Sankara
Rosa Parks,2,Rosa,,Parks
Babajide Akingbade,2,Babajide,,Akingbade
Perseus Parkinson,2,Perseus,,Parkinson
Cuthbert Mockridge,2,Cuthbert,,Mockridge
Fred Weasley,2,Fred,,Weasley
Dimitar Draganov,2,Dimitar,,Draganov
Albert Einstein,2,Albert,,Einstein
Jon Stewart,2,Jon,,Stewart
Gondulphus Graves,2,Gondulphus,,Graves
Heinrich Eberstadt,2,Heinrich,,Eberstadt
Elladora Ketteridge,2,Elladora,,Ketteridge
Meredith Palmer,2,Meredith,,Palmer
Pete Miller,2,Pete,,Miller
Sigrid Kristoffersen,2,Sigrid,,Kristoffersen
Lysander Scamander,2,Lysander,,Scamander
Gilbert Wimple,2,Gilbert,,Wimple
Greek chappie,2,Greek,,chappie
Mr. Boot,2,Mr.,,Boot
Fernando Diaz,2,Fernando,,Diaz
Cassiopeia Black,2,Cassiopeia,,Black
Agilbert Fontaine,2,Agilbert,,Fontaine
Doris Crockford,2,Doris,,Crockford
Winkus Oddpick,2,Winkus,,Oddpick
Margaret Thatcher,2,Margaret,,Thatcher
Madam Primpernelle,2,Madam,,Primpernelle
Brevis Birch,2,Brevis,,Birch
Wilbert Slinkhard,2,Wilbert,,Slinkhard
Blenheim Stalk,2,Blenheim,,Stalk
Miriam Strout,2,Miriam,,Strout
Arnulf Moe,2,Arnulf,,Moe
Orla Quirke,2,Orla,,Quirke
Sacharissa Tugwood,2,Sacharissa,,Tugwood
Fleamont Potter,2,Fleamont,,Potter
Astoria Greengrass,2,Astoria,,Greengrass
Jimmy Peakes,2,Jimmy,,Peakes
Octavius Pepper,2,Octavius,,Pepper
Jack Sloper,2,Jack,,Sloper
Stamford Jorkins,2,Stamford,,Jorkins
Holly Flax,2,Holly,,Flax
Porteus Knatchbull,2,Porteus,,Knatchbull
Mr. Borgin,2,Mr.,,Borgin
Tina Goldstein,2,Tina,,Goldstein
Buckley Cooper,2,Buckley,,Cooper
Helene Beesly,2,Helene,,Beesly
Maximillian Crowdy,2,Maximillian,,Crowdy
Samson Wiblin,2,Samson,,Wiblin
Mopsy Fleabert,2,Mopsy,,Fleabert
Hermione Granger,2,Hermione,,Granger
Joseph Stalin,2,Joseph,,Stalin
George Bush jnr,3,George,Bush,jnr
Ballyfumble Stranger,2,Ballyfumble,,Stranger
Karen Filippelli,2,Karen,,Filippelli
Chadwick Boot,2,Chadwick,,Boot
Benedita Dourado,2,Benedita,,Dourado
Septimus Malfoy,2,Septimus,,Malfoy
Cassandra Vablatsky,2,Cassandra,,Vablatsky
Albert Runcorn,2,Albert,,Runcorn
Madame Bonhabille,2,Madame,,Bonhabille
Frank Longbottom,2,Frank,,Longbottom
Devlin Whitehorn,2,Devlin,,Whitehorn
Quintia McQuoid,2,Quintia,,McQuoid
Emmeline Pankhurst ,2,Emmeline,Pankhurst,
Robert California,2,Robert,,California
Tangwystl (Goshawk?),2,Tangwystl,,(Goshawk?)
Arkie Philpott,2,Arkie,,Philpott
Oswald Beamish,2,Oswald,,Beamish
Nikola Vassileva,2,Nikola,,Vassileva
Quong Po,2,Quong,,Po
Rudolph Spielman,2,Rudolph,,Spielman
Harry Potter,2,Harry,,Potter
Meaghan McCormack,2,Meaghan,,McCormack
Angela Martin,2,Angela,,Martin
Angelus Peel,2,Angelus,,Peel
Theodore Nott,2,Theodore,,Nott
Gladys Gudgeon,2,Gladys,,Gudgeon
Theodard Fontaine,2,Theodard,,Fontaine
Harvey Ridgebit,2,Harvey,,Ridgebit
Roxanne Weasley,2,Roxanne,,Weasley
Flavius Belby,2,Flavius,,Belby
Alecto Carrow,2,Alecto,,Carrow
Ngapo Ponika,2,Ngapo,,Ponika
Hortensia Milliphutt,2,Hortensia,,Milliphutt
Charis Black,2,Charis,,Black
Albert Boot,2,Albert,,Boot
Ignatia Wildsmith,2,Ignatia,,Wildsmith
Wright Brothers,2,Wright,,Brothers
Gilderoy Lockhart,2,Gilderoy,,Lockhart
Arsenia Gonzales,2,Arsenia,,Gonzales
Delfina Crimp,2,Delfina,,Crimp
Berthilde Roche,2,Berthilde,,Roche
Morag Macdougal,2,Morag,,Macdougal
Thornton Harkaway,2,Thornton,,Harkaway
Queen Elizabeth II,3,Queen,Elizabeth,II
Eva Peron,2,Eva,,Peron
Jarleth Hobart,2,Jarleth,,Hobart
Susan Blancheflower,2,Susan,,Blancheflower
Dean Thomas,2,Dean,,Thomas
Tom Cruise,2,Tom,,Cruise
Balfour Blane,2,Balfour,,Blane
Lucas Picquery,2,Lucas,,Picquery
George Weasley,2,George,,Weasley
Mata Hari,2,Mata,,Hari
Robert Grimsditch,2,Robert,,Grimsditch
Romilda (Goshawk?),2,Romilda,,(Goshawk?)
Marvolo Gaunt,2,Marvolo,,Gaunt
Isolt Sayre,2,Isolt,,Sayre
Gwendolyn Morgan,2,Gwendolyn,,Morgan
Emmeline Vance,2,Emmeline,,Vance
Julie Andrews,2,Julie,,Andrews
Dwight Schrute,2,Dwight,,Schrute
Alberic Grunnion,2,Alberic,,Grunnion
Libatius Borage,2,Libatius,,Borage
Gemma Farley,2,Gemma,,Farley
Padma Patil,2,Padma,,Patil
Jo Bennett,2,Jo,,Bennett
Adolf Hitler,2,Adolf,,Hitler
Alfred Cattermole,2,Alfred,,Cattermole
Roger Davies,2,Roger,,Davies
Malala Yousafzai,2,Malala,,Yousafzai
Anne Frank,2,Anne,,Frank
Webster Boot,2,Webster,,Boot
Andy Bernard,2,Andy,,Bernard
Stubby Boardman,2,Stubby,,Boardman
Gregory Goyle,2,Gregory,,Goyle
Kylie Minogue,2,Kylie,,Minogue
Leon Trotsky,2,Leon,,Trotsky
Jawaharlal Nehru,2,Jawaharlal,,Nehru
Paul McCartney,2,Paul,,McCartney
Vicky Frobisher,2,Vicky,,Frobisher
Janus Thickey,2,Janus,,Thickey
Myron Wagtail,2,Myron,,Wagtail
Vindictus Viridian,2,Vindictus,,Viridian
Chauncey Oldridge,2,Chauncey,,Oldridge
Oliver Rivers,2,Oliver,,Rivers
Mrs. Boot,2,Mrs.,,Boot
Walt Disney,2,Walt,,Disney
Parvati Patil,2,Parvati,,Patil
Sidney Todd,2,Sidney,,Todd
Todd Packer,2,Todd,,Packer
Vincent Van Gogh,3,Vincent,Van,Gogh
Evan Rosier,2,Evan,,Rosier
Crabbe Sr.,2,Crabbe,,Sr.
Almerick Sawbridge,2,Almerick,,Sawbridge
Armenian warlock,2,Armenian,,warlock
Abraham Peasegood,2,Abraham,,Peasegood
Orford Umbridge,2,Orford,,Umbridge
Scorpius Malfoy,2,Scorpius,,Malfoy
Lily Potter,2,Lily,,Potter
Elias Grimstone,2,Elias,,Grimstone
Bogomil Levski,2,Bogomil,,Levski
Zacharias Mumps,2,Zacharias,,Mumps
Yardley Platt,2,Yardley,,Platt
João Coelho,2,João,,Coelho
Hambledon Quince,2,Hambledon,,Quince
Alice Longbottom,2,Alice,,Longbottom
Primrose Jorkins,2,Primrose,,Jorkins
Betty Braithwaite,2,Betty,,Braithwaite
John Dawlish,2,John,,Dawlish
Ted Tonks,2,Ted,,Tonks
Narcissa Malfoy,2,Narcissa,,Malfoy
Priscilla Dupont,2,Priscilla,,Dupont
Thiago Quintana,2,Thiago,,Quintana
Ali Bashir,2,Ali,,Bashir
Victoire Weasley,2,Victoire,,Weasley
Harold Minchum,2,Harold,,Minchum
Mungo MacDuff,2,Mungo,,MacDuff
David Beckham,2,David,,Beckham
Venusia Crickerly,2,Venusia,,Crickerly
Millicent Bulstrode,2,Millicent,,Bulstrode
Mary Jauncey,2,Mary,,Jauncey
Cyprian Youdle,2,Cyprian,,Youdle
Muhammad Ali,2,Muhammad,,Ali
Stan Shunpike,2,Stan,,Shunpike
Cormac O’Brien,2,Cormac,,O’Brien
Lee Jordan,2,Lee,,Jordan
Lyndon Johnson,2,Lyndon,,Johnson
Bridget Wenlock,2,Bridget,,Wenlock
Ronald Reagan,2,Ronald,,Reagan
Ludo Bagman,2,Ludo,,Bagman
Lord Voldemort,2,Lord,,Voldemort
Leonardo da Vinci,3,Leonardo,da,Vinci
Fabius Watkins,2,Fabius,,Watkins
Gabe Lewis,2,Gabe,,Lewis
Josiah Jackson,2,Josiah,,Jackson
Modesty Rabnott,2,Modesty,,Rabnott
Adalbert Waffling,2,Adalbert,,Waffling
Dzou Yen,2,Dzou,,Yen
Oliver Wood,2,Oliver,,Wood
